,LHX/HOOD,MU/WBD,FIX/MAA,FSLR/MAA,STZ/MU,AME/QCOM,KIM/NCLH,HII/UDR,LHX/TPL,DVA/DGX,GOOG/MU,DDOG/PGR,GOOGL/MU,AME/CI,XOM/PHM,XOM/GWW,XOM/VLO,XOM/WM,XOM/XEL,CRWD/ERIE,RTX/TEL,LHX/PLTR
LHX/HOOD,,,,,,,,,,,,,,,,,,,,,,
MU/WBD,,,,,,,,,,,,,,,,,,,,,,
FIX/MAA,,,,,,,,,,,,,,,,,,,,,,
FSLR/MAA,,,,,,,,,,,,,,,,,,,,,,
STZ/MU,,,,,,,,,,,,,,,,,,,,,,
AME/QCOM,,,,,,,,,,,,,,,,,,,,,,
KIM/NCLH,,,,,,,,,,,,,,,,,,,,,,
HII/UDR,,,,,,,,,,,,,,,,,,,,,,
LHX/TPL,,,,,,,,,,,,,,,,,,,,,,
DVA/DGX,,,,,,,,,,,,,,,,,,,,,,
GOOG/MU,,,,,,,,,,,,,,,,,,,,,,
DDOG/PGR,,,,,,,,,,,,,,,,,,,,,,
GOOGL/MU,,,,,,,,,,,,,,,,,,,,,,
AME/CI,,,,,,,,,,,,,,,,,,,,,,
XOM/PHM,,,,,,,,,,,,,,,,,,,,,,
XOM/GWW,,,,,,,,,,,,,,,,,,,,,,
XOM/VLO,,,,,,,,,,,,,,,,,,,,,,
XOM/WM,,,,,,,,,,,,,,,,,,,,,,
XOM/XEL,,,,,,,,,,,,,,,,,,,,,,
CRWD/ERIE,,,,,,,,,,,,,,,,,,,,,,
RTX/TEL,,,,,,,,,,,,,,,,,,,,,,
LHX/PLTR,,,,,,,,,,,,,,,,,,,,,,
